epoch,acc,loss,val_acc,val_loss
0,0.4361236236236236,1.0594988118659507,0.48625,1.018285447359085
1,0.49493243243243246,1.0032907991676598,0.563125,0.9292929065227509
2,0.5432932932932933,0.9514708646066912,0.5905912269927557,0.8915164850353816
3,0.564441382765531,0.9199208574209041,0.590625,0.8769356453418732
